tool,issues_count,file,line,code,message
black,0,,,,
sqlfluff,0,,,,
markdownlint,277,.lintro/run-20260206-205206/report.md,6,MD060,"Table column style [Table pipe is missing space to the right for style ""compact""]"
markdownlint,277,.lintro/run-20260206-205206/report.md,6,MD060,"Table column style [Table pipe is missing space to the left for style ""compact""]"
markdownlint,277,.lintro/run-20260206-205206/report.md,6,MD060,"Table column style [Table pipe is missing space to the right for style ""compact""]"
markdownlint,277,.lintro/run-20260206-205206/report.md,6,MD060,"Table column style [Table pipe is missing space to the left for style ""compact""]"
markdownlint,277,.lintro/run-20260206-205206/report.md,32,MD022,Headings should be surrounded by blank lines
markdownlint,277,.lintro/run-20260206-205206/report.md,35,MD022,Headings should be surrounded by blank lines
markdownlint,277,.lintro/run-20260206-205206/report.md,38,MD022,Headings should be surrounded by blank lines
markdownlint,277,.lintro/run-20260206-205206/report.md,39,MD058,Tables should be surrounded by blank lines
markdownlint,277,.lintro/run-20260206-205206/report.md,41,MD060,"Table column style [Table pipe does not align with header for style ""aligned""]"
markdownlint,277,.lintro/run-20260206-205206/report.md,41,MD060,"Table column style [Table pipe does not align with header for style ""aligned""]"
markdownlint,277,.lintro/run-20260206-205206/report.md,41,MD060,"Table column style [Table pipe does not align with header for style ""aligned""]"
markdownlint,277,.lintro/run-20260206-205206/report.md,41,MD060,"Table column style [Table pipe does not align with header for style ""aligned""]"
markdownlint,277,.lintro/run-20260206-205206/report.md,43,MD022,Headings should be surrounded by blank lines
markdownlint,277,.lintro/run-20260206-205206/report.md,46,MD022,Headings should be surrounded by blank lines
markdownlint,277,.lintro/run-20260206-205206/report.md,47,MD058,Tables should be surrounded by blank lines
markdownlint,277,.lintro/run-20260206-205206/report.md,48,MD060,"Table column style [Table pipe is missing space to the right for style ""compact""]"
markdownlint,277,.lintro/run-20260206-205206/report.md,48,MD060,"Table column style [Table pipe is missing space to the left for style ""compact""]"
markdownlint,277,.lintro/run-20260206-205206/report.md,48,MD060,"Table column style [Table pipe is missing space to the right for style ""compact""]"
markdownlint,277,.lintro/run-20260206-205206/report.md,48,MD060,"Table column style [Table pipe is missing space to the left for style ""compact""]"
markdownlint,277,.lintro/run-20260206-205206/report.md,48,MD060,"Table column style [Table pipe is missing space to the right for style ""compact""]"
markdownlint,277,.lintro/run-20260206-205206/report.md,48,MD060,"Table column style [Table pipe is missing space to the left for style ""compact""]"
markdownlint,277,.lintro/run-20260206-205206/report.md,48,MD060,"Table column style [Table pipe is missing space to the right for style ""compact""]"
markdownlint,277,.lintro/run-20260206-205206/report.md,48,MD060,"Table column style [Table pipe is missing space to the left for style ""compact""]"
markdownlint,277,.lintro/run-20260206-205206/report.md,66,MD022,Headings should be surrounded by blank lines
markdownlint,277,.lintro/run-20260206-205206/report.md,67,MD058,Tables should be surrounded by blank lines
markdownlint,277,.lintro/run-20260206-205206/report.md,69,MD060,"Table column style [Table pipe does not align with header for style ""aligned""]"
markdownlint,277,.lintro/run-20260206-205206/report.md,69,MD060,"Table column style [Table pipe does not align with header for style ""aligned""]"
markdownlint,277,.lintro/run-20260206-205206/report.md,69,MD060,"Table column style [Table pipe does not align with header for style ""aligned""]"
markdownlint,277,.lintro/run-20260206-205206/report.md,69,MD060,"Table column style [Table pipe does not align with header for style ""aligned""]"
markdownlint,277,.lintro/run-20260206-205206/report.md,70,MD060,"Table column style [Table pipe does not align with header for style ""aligned""]"
markdownlint,277,.lintro/run-20260206-205206/report.md,70,MD060,"Table column style [Table pipe does not align with header for style ""aligned""]"
markdownlint,277,.lintro/run-20260206-205206/report.md,70,MD060,"Table column style [Table pipe does not align with header for style ""aligned""]"
markdownlint,277,.lintro/run-20260206-205206/report.md,70,MD060,"Table column style [Table pipe does not align with header for style ""aligned""]"
markdownlint,277,.lintro/run-20260206-205206/report.md,72,MD022,Headings should be surrounded by blank lines
markdownlint,277,.lintro/run-20260206-205206/report.md,75,MD022,Headings should be surrounded by blank lines
markdownlint,277,.lintro/run-20260206-205206/report.md,78,MD022,Headings should be surrounded by blank lines
markdownlint,277,.lintro/run-20260206-205206/report.md,81,MD022,Headings should be surrounded by blank lines
markdownlint,277,.lintro/run-20260206-205206/report.md,84,MD022,Headings should be surrounded by blank lines
markdownlint,277,.lintro/run-20260206-205206/report.md,87,MD022,Headings should be surrounded by blank lines
markdownlint,277,.lintro/run-20260206-205206/report.md,90,MD022,Headings should be surrounded by blank lines
markdownlint,277,.lintro/run-20260206-205206/report.md,93,MD022,Headings should be surrounded by blank lines
markdownlint,277,.lintro/run-20260206-205206/report.md,96,MD022,Headings should be surrounded by blank lines
markdownlint,277,.lintro/run-20260206-205206/report.md,99,MD022,Headings should be surrounded by blank lines
markdownlint,277,.lintro/run-20260206-205206/report.md,102,MD022,Headings should be surrounded by blank lines
markdownlint,277,.lintro/run-20260206-205206/report.md,105,MD022,Headings should be surrounded by blank lines
markdownlint,277,.lintro/run-20260206-205206/report.md,108,MD022,Headings should be surrounded by blank lines
markdownlint,277,.lintro/run-20260206-205206/report.md,111,MD022,Headings should be surrounded by blank lines
markdownlint,277,.lintro/run-20260206-205206/report.md,112,MD058,Tables should be surrounded by blank lines
markdownlint,277,.lintro/run-20260206-205206/report.md,113,MD060,"Table column style [Table pipe is missing space to the right for style ""compact""]"
markdownlint,277,.lintro/run-20260206-205206/report.md,113,MD060,"Table column style [Table pipe is missing space to the left for style ""compact""]"
markdownlint,277,.lintro/run-20260206-205206/report.md,113,MD060,"Table column style [Table pipe is missing space to the right for style ""compact""]"
markdownlint,277,.lintro/run-20260206-205206/report.md,113,MD060,"Table column style [Table pipe is missing space to the left for style ""compact""]"
markdownlint,277,.lintro/run-20260206-205206/report.md,113,MD060,"Table column style [Table pipe is missing space to the right for style ""compact""]"
markdownlint,277,.lintro/run-20260206-205206/report.md,113,MD060,"Table column style [Table pipe is missing space to the left for style ""compact""]"
markdownlint,277,.lintro/run-20260206-205206/report.md,113,MD060,"Table column style [Table pipe is missing space to the right for style ""compact""]"
markdownlint,277,.lintro/run-20260206-205206/report.md,113,MD060,"Table column style [Table pipe is missing space to the left for style ""compact""]"
markdownlint,277,.lintro/run-20260206-205206/report.md,114,MD013,Line length
markdownlint,277,.lintro/run-20260206-205206/report.md,115,MD013,Line length
markdownlint,277,.lintro/run-20260206-205206/report.md,116,MD013,Line length
markdownlint,277,.lintro/run-20260206-205206/report.md,117,MD013,Line length
markdownlint,277,.lintro/run-20260206-205206/report.md,118,MD013,Line length
markdownlint,277,.lintro/run-20260206-205206/report.md,119,MD013,Line length
markdownlint,277,.lintro/run-20260206-205206/report.md,120,MD013,Line length
markdownlint,277,.lintro/run-20260206-205206/report.md,121,MD013,Line length
markdownlint,277,.lintro/run-20260206-205206/report.md,121,MD033,Inline HTML [Element: string]
markdownlint,277,.lintro/run-20260206-205206/report.md,122,MD013,Line length
markdownlint,277,.lintro/run-20260206-205206/report.md,123,MD013,Line length
markdownlint,277,.lintro/run-20260206-205206/report.md,124,MD013,Line length
markdownlint,277,.lintro/run-20260206-205206/report.md,125,MD013,Line length
markdownlint,277,.lintro/run-20260206-205206/report.md,126,MD013,Line length
markdownlint,277,.lintro/run-20260206-205206/report.md,127,MD013,Line length
markdownlint,277,.lintro/run-20260206-205206/report.md,128,MD013,Line length
markdownlint,277,.lintro/run-20260206-205206/report.md,129,MD013,Line length
markdownlint,277,.lintro/run-20260206-205206/report.md,130,MD013,Line length
markdownlint,277,.lintro/run-20260206-205206/report.md,131,MD013,Line length
markdownlint,277,.lintro/run-20260206-205206/report.md,132,MD013,Line length
markdownlint,277,.lintro/run-20260206-205206/report.md,133,MD013,Line length
markdownlint,277,.lintro/run-20260206-205206/report.md,134,MD013,Line length
markdownlint,277,.lintro/run-20260206-205206/report.md,135,MD013,Line length
markdownlint,277,.lintro/run-20260206-205206/report.md,136,MD013,Line length
markdownlint,277,.lintro/run-20260206-205206/report.md,137,MD013,Line length
markdownlint,277,.lintro/run-20260206-205206/report.md,138,MD013,Line length
markdownlint,277,.lintro/run-20260206-205206/report.md,139,MD013,Line length
markdownlint,277,.lintro/run-20260206-205206/report.md,140,MD013,Line length
markdownlint,277,.lintro/run-20260206-205206/report.md,141,MD013,Line length
markdownlint,277,.lintro/run-20260206-205206/report.md,142,MD013,Line length
markdownlint,277,.lintro/run-20260206-205206/report.md,143,MD013,Line length
markdownlint,277,.lintro/run-20260206-205206/report.md,144,MD013,Line length
markdownlint,277,.lintro/run-20260206-205206/report.md,145,MD013,Line length
markdownlint,277,.lintro/run-20260206-205206/report.md,146,MD013,Line length
markdownlint,277,.lintro/run-20260206-205206/report.md,147,MD013,Line length
markdownlint,277,.lintro/run-20260206-205206/report.md,148,MD013,Line length
markdownlint,277,.lintro/run-20260206-205206/report.md,149,MD013,Line length
markdownlint,277,.lintro/run-20260206-205206/report.md,150,MD013,Line length
markdownlint,277,.lintro/run-20260206-205206/report.md,151,MD013,Line length
markdownlint,277,.lintro/run-20260206-205206/report.md,152,MD013,Line length
markdownlint,277,.lintro/run-20260206-205206/report.md,153,MD013,Line length
markdownlint,277,.lintro/run-20260206-205206/report.md,154,MD013,Line length
markdownlint,277,.lintro/run-20260206-205206/report.md,155,MD013,Line length
markdownlint,277,.lintro/run-20260206-205206/report.md,156,MD013,Line length
markdownlint,277,.lintro/run-20260206-205206/report.md,157,MD013,Line length
markdownlint,277,.lintro/run-20260206-205206/report.md,158,MD013,Line length
markdownlint,277,.lintro/run-20260206-205206/report.md,159,MD013,Line length
markdownlint,277,.lintro/run-20260206-205206/report.md,160,MD013,Line length
markdownlint,277,.lintro/run-20260206-205206/report.md,161,MD013,Line length
markdownlint,277,.lintro/run-20260206-205206/report.md,162,MD013,Line length
markdownlint,277,.lintro/run-20260206-205206/report.md,163,MD013,Line length
markdownlint,277,.lintro/run-20260206-205206/report.md,164,MD013,Line length
markdownlint,277,.lintro/run-20260206-205206/report.md,165,MD013,Line length
markdownlint,277,.lintro/run-20260206-205206/report.md,166,MD013,Line length
markdownlint,277,.lintro/run-20260206-205206/report.md,167,MD013,Line length
markdownlint,277,.lintro/run-20260206-205206/report.md,168,MD013,Line length
markdownlint,277,.lintro/run-20260206-205206/report.md,169,MD013,Line length
markdownlint,277,.lintro/run-20260206-205206/report.md,170,MD013,Line length
markdownlint,277,.lintro/run-20260206-205206/report.md,171,MD013,Line length
markdownlint,277,.lintro/run-20260206-205206/report.md,172,MD013,Line length
markdownlint,277,.lintro/run-20260206-205206/report.md,173,MD013,Line length
markdownlint,277,.lintro/run-20260206-205206/report.md,174,MD013,Line length
markdownlint,277,.lintro/run-20260206-205206/report.md,175,MD013,Line length
markdownlint,277,.lintro/run-20260206-205206/report.md,176,MD013,Line length
markdownlint,277,.lintro/run-20260206-205206/report.md,177,MD013,Line length
markdownlint,277,.lintro/run-20260206-205206/report.md,178,MD013,Line length
markdownlint,277,.lintro/run-20260206-205206/report.md,179,MD013,Line length
markdownlint,277,.lintro/run-20260206-205206/report.md,180,MD013,Line length
markdownlint,277,.lintro/run-20260206-205206/report.md,181,MD013,Line length
markdownlint,277,.lintro/run-20260206-205206/report.md,182,MD013,Line length
markdownlint,277,.lintro/run-20260206-205206/report.md,183,MD013,Line length
markdownlint,277,.lintro/run-20260206-205206/report.md,184,MD013,Line length
markdownlint,277,.lintro/run-20260206-205206/report.md,185,MD013,Line length
markdownlint,277,.lintro/run-20260206-205206/report.md,186,MD013,Line length
markdownlint,277,.lintro/run-20260206-205206/report.md,187,MD013,Line length
markdownlint,277,.lintro/run-20260206-205206/report.md,188,MD013,Line length
markdownlint,277,.lintro/run-20260206-205206/report.md,189,MD013,Line length
markdownlint,277,.lintro/run-20260206-205206/report.md,190,MD013,Line length
markdownlint,277,.lintro/run-20260206-205206/report.md,191,MD013,Line length
markdownlint,277,.lintro/run-20260206-205206/report.md,192,MD013,Line length
markdownlint,277,.lintro/run-20260206-205206/report.md,193,MD013,Line length
markdownlint,277,.lintro/run-20260206-205206/report.md,194,MD013,Line length
markdownlint,277,.lintro/run-20260206-205206/report.md,195,MD013,Line length
markdownlint,277,.lintro/run-20260206-205206/report.md,196,MD013,Line length
markdownlint,277,.lintro/run-20260206-205206/report.md,197,MD013,Line length
markdownlint,277,.lintro/run-20260206-205206/report.md,198,MD013,Line length
markdownlint,277,.lintro/run-20260206-205206/report.md,199,MD013,Line length
markdownlint,277,.lintro/run-20260206-205206/report.md,200,MD013,Line length
markdownlint,277,.lintro/run-20260206-205206/report.md,201,MD013,Line length
markdownlint,277,.lintro/run-20260206-205206/report.md,202,MD013,Line length
markdownlint,277,.lintro/run-20260206-205206/report.md,203,MD013,Line length
markdownlint,277,.lintro/run-20260206-205206/report.md,204,MD013,Line length
markdownlint,277,.lintro/run-20260206-205206/report.md,205,MD013,Line length
markdownlint,277,.lintro/run-20260206-205206/report.md,206,MD013,Line length
markdownlint,277,.lintro/run-20260206-205206/report.md,207,MD013,Line length
markdownlint,277,.lintro/run-20260206-205206/report.md,208,MD013,Line length
markdownlint,277,.lintro/run-20260206-205206/report.md,209,MD013,Line length
markdownlint,277,.lintro/run-20260206-205206/report.md,210,MD013,Line length
markdownlint,277,.lintro/run-20260206-205206/report.md,211,MD013,Line length
markdownlint,277,.lintro/run-20260206-205206/report.md,212,MD013,Line length
markdownlint,277,.lintro/run-20260206-205206/report.md,213,MD013,Line length
markdownlint,277,.lintro/run-20260206-205206/report.md,214,MD013,Line length
markdownlint,277,.lintro/run-20260206-205206/report.md,215,MD013,Line length
markdownlint,277,.lintro/run-20260206-205206/report.md,216,MD013,Line length
markdownlint,277,.lintro/run-20260206-205206/report.md,217,MD013,Line length
markdownlint,277,.lintro/run-20260206-205206/report.md,218,MD013,Line length
markdownlint,277,.lintro/run-20260206-205206/report.md,219,MD013,Line length
markdownlint,277,.lintro/run-20260206-205206/report.md,220,MD013,Line length
markdownlint,277,.lintro/run-20260206-205206/report.md,221,MD013,Line length
markdownlint,277,.lintro/run-20260206-205206/report.md,222,MD013,Line length
markdownlint,277,.lintro/run-20260206-205206/report.md,223,MD013,Line length
markdownlint,277,.lintro/run-20260206-205206/report.md,224,MD013,Line length
markdownlint,277,.lintro/run-20260206-205206/report.md,225,MD013,Line length
markdownlint,277,.lintro/run-20260206-205206/report.md,226,MD013,Line length
markdownlint,277,.lintro/run-20260206-205206/report.md,227,MD013,Line length
markdownlint,277,.lintro/run-20260206-205206/report.md,228,MD013,Line length
markdownlint,277,.lintro/run-20260206-205206/report.md,229,MD013,Line length
markdownlint,277,.lintro/run-20260206-205206/report.md,230,MD013,Line length
markdownlint,277,.lintro/run-20260206-205206/report.md,231,MD013,Line length
markdownlint,277,.lintro/run-20260206-205206/report.md,232,MD013,Line length
markdownlint,277,.lintro/run-20260206-205206/report.md,233,MD013,Line length
markdownlint,277,.lintro/run-20260206-205206/report.md,234,MD013,Line length
markdownlint,277,.lintro/run-20260206-205206/report.md,235,MD013,Line length
markdownlint,277,.lintro/run-20260206-205206/report.md,236,MD013,Line length
markdownlint,277,.lintro/run-20260206-205206/report.md,237,MD013,Line length
markdownlint,277,.lintro/run-20260206-205206/report.md,238,MD013,Line length
markdownlint,277,.lintro/run-20260206-205206/report.md,239,MD013,Line length
markdownlint,277,.lintro/run-20260206-205206/report.md,240,MD013,Line length
markdownlint,277,.lintro/run-20260206-205206/report.md,241,MD013,Line length
markdownlint,277,.lintro/run-20260206-205206/report.md,242,MD013,Line length
markdownlint,277,.lintro/run-20260206-205206/report.md,243,MD013,Line length
markdownlint,277,.lintro/run-20260206-205206/report.md,244,MD013,Line length
markdownlint,277,.lintro/run-20260206-205206/report.md,245,MD013,Line length
markdownlint,277,.lintro/run-20260206-205206/report.md,246,MD013,Line length
markdownlint,277,.lintro/run-20260206-205206/report.md,247,MD013,Line length
markdownlint,277,.lintro/run-20260206-205206/report.md,248,MD013,Line length
markdownlint,277,.lintro/run-20260206-205206/report.md,249,MD013,Line length
markdownlint,277,.lintro/run-20260206-205206/report.md,250,MD013,Line length
markdownlint,277,.lintro/run-20260206-205206/report.md,251,MD013,Line length
markdownlint,277,.lintro/run-20260206-205206/report.md,252,MD013,Line length
markdownlint,277,.lintro/run-20260206-205206/report.md,253,MD013,Line length
markdownlint,277,.lintro/run-20260206-205206/report.md,254,MD013,Line length
markdownlint,277,.lintro/run-20260206-205206/report.md,255,MD013,Line length
markdownlint,277,.lintro/run-20260206-205206/report.md,256,MD013,Line length
markdownlint,277,.lintro/run-20260206-205206/report.md,257,MD013,Line length
markdownlint,277,.lintro/run-20260206-205206/report.md,258,MD013,Line length
markdownlint,277,.lintro/run-20260206-205206/report.md,259,MD013,Line length
markdownlint,277,.lintro/run-20260206-205206/report.md,260,MD013,Line length
markdownlint,277,.lintro/run-20260206-205206/report.md,261,MD013,Line length
markdownlint,277,.lintro/run-20260206-205206/report.md,262,MD013,Line length
markdownlint,277,.lintro/run-20260206-205206/report.md,263,MD013,Line length
markdownlint,277,.lintro/run-20260206-205206/report.md,264,MD013,Line length
markdownlint,277,.lintro/run-20260206-205206/report.md,265,MD013,Line length
markdownlint,277,.lintro/run-20260206-205206/report.md,266,MD013,Line length
markdownlint,277,.lintro/run-20260206-205206/report.md,267,MD013,Line length
markdownlint,277,.lintro/run-20260206-205206/report.md,268,MD013,Line length
markdownlint,277,.lintro/run-20260206-205206/report.md,269,MD013,Line length
markdownlint,277,.lintro/run-20260206-205206/report.md,270,MD013,Line length
markdownlint,277,.lintro/run-20260206-205206/report.md,271,MD013,Line length
markdownlint,277,.lintro/run-20260206-205206/report.md,272,MD013,Line length
markdownlint,277,.lintro/run-20260206-205206/report.md,273,MD013,Line length
markdownlint,277,.lintro/run-20260206-205206/report.md,274,MD013,Line length
markdownlint,277,.lintro/run-20260206-205206/report.md,275,MD013,Line length
markdownlint,277,.lintro/run-20260206-205206/report.md,276,MD013,Line length
markdownlint,277,.lintro/run-20260206-205206/report.md,277,MD013,Line length
markdownlint,277,.lintro/run-20260206-205206/report.md,278,MD013,Line length
markdownlint,277,.lintro/run-20260206-205206/report.md,279,MD013,Line length
markdownlint,277,.lintro/run-20260206-205206/report.md,280,MD013,Line length
markdownlint,277,.lintro/run-20260206-205206/report.md,281,MD013,Line length
markdownlint,277,.lintro/run-20260206-205206/report.md,282,MD013,Line length
markdownlint,277,.lintro/run-20260206-205206/report.md,283,MD013,Line length
markdownlint,277,.lintro/run-20260206-205206/report.md,284,MD013,Line length
markdownlint,277,.lintro/run-20260206-205206/report.md,285,MD013,Line length
markdownlint,277,.lintro/run-20260206-205206/report.md,286,MD013,Line length
markdownlint,277,.lintro/run-20260206-205206/report.md,287,MD013,Line length
markdownlint,277,.lintro/run-20260206-205206/report.md,288,MD013,Line length
markdownlint,277,.lintro/run-20260206-205206/report.md,289,MD013,Line length
markdownlint,277,.lintro/run-20260206-205206/report.md,290,MD013,Line length
markdownlint,277,.lintro/run-20260206-205206/report.md,291,MD013,Line length
markdownlint,277,.lintro/run-20260206-205206/report.md,292,MD013,Line length
markdownlint,277,.lintro/run-20260206-205206/report.md,293,MD013,Line length
markdownlint,277,.lintro/run-20260206-205206/report.md,294,MD013,Line length
markdownlint,277,.lintro/run-20260206-205206/report.md,295,MD013,Line length
markdownlint,277,.lintro/run-20260206-205206/report.md,296,MD013,Line length
markdownlint,277,.lintro/run-20260206-205206/report.md,297,MD013,Line length
markdownlint,277,.lintro/run-20260206-205206/report.md,298,MD013,Line length
markdownlint,277,.lintro/run-20260206-205206/report.md,299,MD013,Line length
markdownlint,277,.lintro/run-20260206-205206/report.md,300,MD013,Line length
markdownlint,277,.lintro/run-20260206-205206/report.md,301,MD013,Line length
markdownlint,277,.lintro/run-20260206-205206/report.md,302,MD013,Line length
markdownlint,277,.lintro/run-20260206-205206/report.md,303,MD013,Line length
markdownlint,277,.lintro/run-20260206-205206/report.md,304,MD013,Line length
markdownlint,277,.lintro/run-20260206-205206/report.md,305,MD013,Line length
markdownlint,277,.lintro/run-20260206-205206/report.md,306,MD013,Line length
markdownlint,277,.lintro/run-20260206-205206/report.md,307,MD013,Line length
markdownlint,277,.lintro/run-20260206-205206/report.md,308,MD013,Line length
markdownlint,277,.lintro/run-20260206-205206/report.md,309,MD013,Line length
markdownlint,277,.lintro/run-20260206-205206/report.md,310,MD013,Line length
markdownlint,277,.lintro/run-20260206-205206/report.md,311,MD013,Line length
markdownlint,277,.lintro/run-20260206-205206/report.md,312,MD013,Line length
markdownlint,277,.lintro/run-20260206-205206/report.md,313,MD013,Line length
markdownlint,277,.lintro/run-20260206-205206/report.md,314,MD013,Line length
markdownlint,277,.lintro/run-20260206-205206/report.md,315,MD013,Line length
markdownlint,277,.lintro/run-20260206-205206/report.md,316,MD013,Line length
markdownlint,277,.lintro/run-20260206-205206/report.md,317,MD013,Line length
markdownlint,277,.lintro/run-20260206-205206/report.md,318,MD013,Line length
markdownlint,277,.lintro/run-20260206-205206/report.md,319,MD013,Line length
markdownlint,277,.lintro/run-20260206-205206/report.md,320,MD013,Line length
markdownlint,277,.lintro/run-20260206-205206/report.md,321,MD013,Line length
markdownlint,277,.lintro/run-20260206-205206/report.md,322,MD013,Line length
markdownlint,277,.lintro/run-20260206-205206/report.md,323,MD013,Line length
markdownlint,277,.lintro/run-20260206-205206/report.md,324,MD013,Line length
markdownlint,277,.lintro/run-20260206-205206/report.md,325,MD013,Line length
markdownlint,277,.lintro/run-20260206-205206/report.md,326,MD013,Line length
markdownlint,277,.lintro/run-20260206-205206/report.md,327,MD013,Line length
markdownlint,277,.lintro/run-20260206-205206/report.md,328,MD013,Line length
markdownlint,277,.lintro/run-20260206-205206/report.md,330,MD022,Headings should be surrounded by blank lines
markdownlint,277,.lintro/run-20260206-205206/report.md,333,MD022,Headings should be surrounded by blank lines
markdownlint,277,.lintro/run-20260206-205206/report.md,336,MD022,Headings should be surrounded by blank lines
markdownlint,277,.lintro/run-20260206-205206/report.md,339,MD022,Headings should be surrounded by blank lines
markdownlint,277,README.md,22,MD032,Lists should be surrounded by blank lines
clippy,0,,,,
oxfmt,16,eslint.config.js,1,FORMAT,File is not formatted
oxfmt,16,src/App.tsx,1,FORMAT,File is not formatted
oxfmt,16,src/components/CommandBar.tsx,1,FORMAT,File is not formatted
oxfmt,16,src/components/JourneyDetailPanel.tsx,1,FORMAT,File is not formatted
oxfmt,16,src/components/JourneyList.tsx,1,FORMAT,File is not formatted
oxfmt,16,src/components/JourneyRow.tsx,1,FORMAT,File is not formatted
oxfmt,16,src/components/OutcomePanel.tsx,1,FORMAT,File is not formatted
oxfmt,16,src/components/PageReference.tsx,1,FORMAT,File is not formatted
oxfmt,16,src/components/StateGraph.tsx,1,FORMAT,File is not formatted
oxfmt,16,src/components/StatsSummary.tsx,1,FORMAT,File is not formatted
oxfmt,16,src/components/StepTimeline.tsx,1,FORMAT,File is not formatted
oxfmt,16,src/components/StepTimelineNode.tsx,1,FORMAT,File is not formatted
oxfmt,16,src/lib/flow-utils.ts,1,FORMAT,File is not formatted
oxfmt,16,src/main.tsx,1,FORMAT,File is not formatted
oxfmt,16,src/types.ts,1,FORMAT,File is not formatted
oxfmt,16,vite.config.ts,1,FORMAT,File is not formatted
prettier,4,.lintro/run-20260206-205206/report.html,1,FORMAT,Code style issues found
prettier,4,.lintro/run-20260206-205206/report.md,1,FORMAT,Code style issues found
prettier,4,README.md,1,FORMAT,Code style issues found
prettier,4,src/index.css,1,FORMAT,Code style issues found
actionlint,0,,,,
semgrep,0,,,,
astro-check,0,,,,
gitleaks,0,,,,
mypy,0,,,,
vue-tsc,0,,,,
shellcheck,0,,,,
bandit,0,,,,
shfmt,0,,,,
ruff,0,,,,
oxlint,0,,,,
yamllint,0,,,,
rustfmt,0,,,,
tsc,215,src/App.tsx,3,TS6142,"Module './components/CommandBar' was resolved to '/Users/eiteldagnin/Code/ui-framework/report-ui/src/components/CommandBar.tsx', but '--jsx' is not set."
tsc,215,src/App.tsx,4,TS6142,"Module './components/JourneyDetailPanel' was resolved to '/Users/eiteldagnin/Code/ui-framework/report-ui/src/components/JourneyDetailPanel.tsx', but '--jsx' is not set."
tsc,215,src/App.tsx,5,TS6142,"Module './components/JourneyList' was resolved to '/Users/eiteldagnin/Code/ui-framework/report-ui/src/components/JourneyList.tsx', but '--jsx' is not set."
tsc,215,src/App.tsx,6,TS6142,"Module './components/OutcomePanel' was resolved to '/Users/eiteldagnin/Code/ui-framework/report-ui/src/components/OutcomePanel.tsx', but '--jsx' is not set."
tsc,215,src/App.tsx,7,TS6142,"Module './components/PageReference' was resolved to '/Users/eiteldagnin/Code/ui-framework/report-ui/src/components/PageReference.tsx', but '--jsx' is not set."
tsc,215,src/App.tsx,8,TS6142,"Module './components/StateGraph' was resolved to '/Users/eiteldagnin/Code/ui-framework/report-ui/src/components/StateGraph.tsx', but '--jsx' is not set."
tsc,215,src/App.tsx,9,TS6142,"Module './components/StatsSummary' was resolved to '/Users/eiteldagnin/Code/ui-framework/report-ui/src/components/StatsSummary.tsx', but '--jsx' is not set."
tsc,215,src/App.tsx,89,TS2802,Type 'Set<string>' can only be iterated through when using the '--downlevelIteration' flag or with a '--target' of 'es2015' or higher.
tsc,215,src/App.tsx,242,TS17004,Cannot use JSX unless the '--jsx' flag is provided.
tsc,215,src/App.tsx,244,TS17004,Cannot use JSX unless the '--jsx' flag is provided.
tsc,215,src/App.tsx,246,TS17004,Cannot use JSX unless the '--jsx' flag is provided.
tsc,215,src/App.tsx,259,TS17004,Cannot use JSX unless the '--jsx' flag is provided.
tsc,215,src/App.tsx,261,TS17004,Cannot use JSX unless the '--jsx' flag is provided.
tsc,215,src/App.tsx,262,TS17004,Cannot use JSX unless the '--jsx' flag is provided.
tsc,215,src/App.tsx,272,TS17004,Cannot use JSX unless the '--jsx' flag is provided.
tsc,215,src/App.tsx,274,TS17004,Cannot use JSX unless the '--jsx' flag is provided.
tsc,215,src/App.tsx,288,TS17004,Cannot use JSX unless the '--jsx' flag is provided.
tsc,215,src/App.tsx,290,TS17004,Cannot use JSX unless the '--jsx' flag is provided.
tsc,215,src/App.tsx,297,TS17004,Cannot use JSX unless the '--jsx' flag is provided.
tsc,215,src/App.tsx,299,TS17004,Cannot use JSX unless the '--jsx' flag is provided.
tsc,215,src/App.tsx,300,TS17004,Cannot use JSX unless the '--jsx' flag is provided.
tsc,215,src/App.tsx,309,TS17004,Cannot use JSX unless the '--jsx' flag is provided.
tsc,215,src/App.tsx,310,TS17004,Cannot use JSX unless the '--jsx' flag is provided.
tsc,215,src/App.tsx,315,TS17004,Cannot use JSX unless the '--jsx' flag is provided.
tsc,215,src/App.tsx,323,TS17004,Cannot use JSX unless the '--jsx' flag is provided.
tsc,215,src/components/CommandBar.tsx,14,TS17004,Cannot use JSX unless the '--jsx' flag is provided.
tsc,215,src/components/CommandBar.tsx,21,TS17004,Cannot use JSX unless the '--jsx' flag is provided.
tsc,215,src/components/CommandBar.tsx,22,TS17004,Cannot use JSX unless the '--jsx' flag is provided.
tsc,215,src/components/CommandBar.tsx,23,TS17004,Cannot use JSX unless the '--jsx' flag is provided.
tsc,215,src/components/CommandBar.tsx,24,TS17004,Cannot use JSX unless the '--jsx' flag is provided.
tsc,215,src/components/CommandBar.tsx,25,TS17004,Cannot use JSX unless the '--jsx' flag is provided.
tsc,215,src/components/CommandBar.tsx,26,TS17004,Cannot use JSX unless the '--jsx' flag is provided.
tsc,215,src/components/CommandBar.tsx,27,TS17004,Cannot use JSX unless the '--jsx' flag is provided.
tsc,215,src/components/CommandBar.tsx,28,TS17004,Cannot use JSX unless the '--jsx' flag is provided.
tsc,215,src/components/CommandBar.tsx,29,TS17004,Cannot use JSX unless the '--jsx' flag is provided.
tsc,215,src/components/CommandBar.tsx,30,TS17004,Cannot use JSX unless the '--jsx' flag is provided.
tsc,215,src/components/CommandBar.tsx,31,TS17004,Cannot use JSX unless the '--jsx' flag is provided.
tsc,215,src/components/CommandBar.tsx,40,TS17004,Cannot use JSX unless the '--jsx' flag is provided.
tsc,215,src/components/CommandBar.tsx,41,TS17004,Cannot use JSX unless the '--jsx' flag is provided.
tsc,215,src/components/CommandBar.tsx,42,TS17004,Cannot use JSX unless the '--jsx' flag is provided.
tsc,215,src/components/CommandBar.tsx,43,TS17004,Cannot use JSX unless the '--jsx' flag is provided.
tsc,215,src/components/CommandBar.tsx,48,TS17004,Cannot use JSX unless the '--jsx' flag is provided.
tsc,215,src/components/CommandBar.tsx,49,TS17004,Cannot use JSX unless the '--jsx' flag is provided.
tsc,215,src/components/CommandBar.tsx,54,TS17004,Cannot use JSX unless the '--jsx' flag is provided.
tsc,215,src/components/CommandBar.tsx,59,TS17004,Cannot use JSX unless the '--jsx' flag is provided.
tsc,215,src/components/CommandBar.tsx,60,TS17004,Cannot use JSX unless the '--jsx' flag is provided.
tsc,215,src/components/CommandBar.tsx,61,TS17004,Cannot use JSX unless the '--jsx' flag is provided.
tsc,215,src/components/CommandBar.tsx,69,TS17004,Cannot use JSX unless the '--jsx' flag is provided.
tsc,215,src/components/CommandBar.tsx,83,TS17004,Cannot use JSX unless the '--jsx' flag is provided.
tsc,215,src/components/CommandBar.tsx,84,TS17004,Cannot use JSX unless the '--jsx' flag is provided.
tsc,215,src/components/JourneyDetailPanel.tsx,6,TS6142,"Module './StepTimeline' was resolved to '/Users/eiteldagnin/Code/ui-framework/report-ui/src/components/StepTimeline.tsx', but '--jsx' is not set."
tsc,215,src/components/JourneyDetailPanel.tsx,50,TS17004,Cannot use JSX unless the '--jsx' flag is provided.
tsc,215,src/components/JourneyDetailPanel.tsx,52,TS17004,Cannot use JSX unless the '--jsx' flag is provided.
tsc,215,src/components/JourneyDetailPanel.tsx,53,TS17004,Cannot use JSX unless the '--jsx' flag is provided.
tsc,215,src/components/JourneyDetailPanel.tsx,54,TS17004,Cannot use JSX unless the '--jsx' flag is provided.
tsc,215,src/components/JourneyDetailPanel.tsx,55,TS17004,Cannot use JSX unless the '--jsx' flag is provided.
tsc,215,src/components/JourneyDetailPanel.tsx,65,TS17004,Cannot use JSX unless the '--jsx' flag is provided.
tsc,215,src/components/JourneyDetailPanel.tsx,70,TS17004,Cannot use JSX unless the '--jsx' flag is provided.
tsc,215,src/components/JourneyDetailPanel.tsx,73,TS17004,Cannot use JSX unless the '--jsx' flag is provided.
tsc,215,src/components/JourneyDetailPanel.tsx,76,TS17004,Cannot use JSX unless the '--jsx' flag is provided.
tsc,215,src/components/JourneyDetailPanel.tsx,77,TS17004,Cannot use JSX unless the '--jsx' flag is provided.
tsc,215,src/components/JourneyDetailPanel.tsx,78,TS17004,Cannot use JSX unless the '--jsx' flag is provided.
tsc,215,src/components/JourneyDetailPanel.tsx,81,TS17004,Cannot use JSX unless the '--jsx' flag is provided.
tsc,215,src/components/JourneyDetailPanel.tsx,82,TS17004,Cannot use JSX unless the '--jsx' flag is provided.
tsc,215,src/components/JourneyDetailPanel.tsx,87,TS17004,Cannot use JSX unless the '--jsx' flag is provided.
tsc,215,src/components/JourneyDetailPanel.tsx,97,TS17004,Cannot use JSX unless the '--jsx' flag is provided.
tsc,215,src/components/JourneyDetailPanel.tsx,98,TS17004,Cannot use JSX unless the '--jsx' flag is provided.
tsc,215,src/components/JourneyDetailPanel.tsx,101,TS17004,Cannot use JSX unless the '--jsx' flag is provided.
tsc,215,src/components/JourneyList.tsx,4,TS6142,"Module './JourneyRow' was resolved to '/Users/eiteldagnin/Code/ui-framework/report-ui/src/components/JourneyRow.tsx', but '--jsx' is not set."
tsc,215,src/components/JourneyList.tsx,20,TS17004,Cannot use JSX unless the '--jsx' flag is provided.
tsc,215,src/components/JourneyList.tsx,21,TS17004,Cannot use JSX unless the '--jsx' flag is provided.
tsc,215,src/components/JourneyList.tsx,22,TS17004,Cannot use JSX unless the '--jsx' flag is provided.
tsc,215,src/components/JourneyList.tsx,25,TS17004,Cannot use JSX unless the '--jsx' flag is provided.
tsc,215,src/components/JourneyList.tsx,30,TS17004,Cannot use JSX unless the '--jsx' flag is provided.
tsc,215,src/components/JourneyList.tsx,32,TS17004,Cannot use JSX unless the '--jsx' flag is provided.
tsc,215,src/components/JourneyList.tsx,45,TS17004,Cannot use JSX unless the '--jsx' flag is provided.
tsc,215,src/components/JourneyList.tsx,51,TS17004,Cannot use JSX unless the '--jsx' flag is provided.
tsc,215,src/components/JourneyList.tsx,52,TS17004,Cannot use JSX unless the '--jsx' flag is provided.
tsc,215,src/components/JourneyRow.tsx,18,TS17004,Cannot use JSX unless the '--jsx' flag is provided.
tsc,215,src/components/JourneyRow.tsx,19,TS17004,Cannot use JSX unless the '--jsx' flag is provided.
tsc,215,src/components/JourneyRow.tsx,20,TS17004,Cannot use JSX unless the '--jsx' flag is provided.
tsc,215,src/components/JourneyRow.tsx,21,TS17004,Cannot use JSX unless the '--jsx' flag is provided.
tsc,215,src/components/JourneyRow.tsx,27,TS17004,Cannot use JSX unless the '--jsx' flag is provided.
tsc,215,src/components/JourneyRow.tsx,28,TS17004,Cannot use JSX unless the '--jsx' flag is provided.
tsc,215,src/components/JourneyRow.tsx,29,TS17004,Cannot use JSX unless the '--jsx' flag is provided.
tsc,215,src/components/JourneyRow.tsx,34,TS17004,Cannot use JSX unless the '--jsx' flag is provided.
tsc,215,src/components/JourneyRow.tsx,35,TS17004,Cannot use JSX unless the '--jsx' flag is provided.
tsc,215,src/components/JourneyRow.tsx,45,TS17004,Cannot use JSX unless the '--jsx' flag is provided.
tsc,215,src/components/JourneyRow.tsx,54,TS17004,Cannot use JSX unless the '--jsx' flag is provided.
tsc,215,src/components/JourneyRow.tsx,56,TS17004,Cannot use JSX unless the '--jsx' flag is provided.
tsc,215,src/components/JourneyRow.tsx,57,TS17004,Cannot use JSX unless the '--jsx' flag is provided.
tsc,215,src/components/JourneyRow.tsx,60,TS17004,Cannot use JSX unless the '--jsx' flag is provided.
tsc,215,src/components/JourneyRow.tsx,66,TS17004,Cannot use JSX unless the '--jsx' flag is provided.
tsc,215,src/components/JourneyRow.tsx,72,TS17004,Cannot use JSX unless the '--jsx' flag is provided.
tsc,215,src/components/OutcomePanel.tsx,19,TS17004,Cannot use JSX unless the '--jsx' flag is provided.
tsc,215,src/components/OutcomePanel.tsx,20,TS17004,Cannot use JSX unless the '--jsx' flag is provided.
tsc,215,src/components/OutcomePanel.tsx,25,TS17004,Cannot use JSX unless the '--jsx' flag is provided.
tsc,215,src/components/OutcomePanel.tsx,32,TS17004,Cannot use JSX unless the '--jsx' flag is provided.
tsc,215,src/components/OutcomePanel.tsx,33,TS17004,Cannot use JSX unless the '--jsx' flag is provided.
tsc,215,src/components/OutcomePanel.tsx,34,TS17004,Cannot use JSX unless the '--jsx' flag is provided.
tsc,215,src/components/OutcomePanel.tsx,35,TS2550,Property 'replaceAll' does not exist on type 'string'. Do you need to change your target library? Try changing the 'lib' compiler option to 'es2021' or later.
tsc,215,src/components/OutcomePanel.tsx,37,TS17004,Cannot use JSX unless the '--jsx' flag is provided.
tsc,215,src/components/OutcomePanel.tsx,41,TS17004,Cannot use JSX unless the '--jsx' flag is provided.
tsc,215,src/components/OutcomePanel.tsx,42,TS17004,Cannot use JSX unless the '--jsx' flag is provided.
tsc,215,src/components/OutcomePanel.tsx,51,TS17004,Cannot use JSX unless the '--jsx' flag is provided.
tsc,215,src/components/OutcomePanel.tsx,56,TS17004,Cannot use JSX unless the '--jsx' flag is provided.
tsc,215,src/components/OutcomePanel.tsx,58,TS17004,Cannot use JSX unless the '--jsx' flag is provided.
tsc,215,src/components/OutcomePanel.tsx,70,TS2550,Property 'replaceAll' does not exist on type 'string'. Do you need to change your target library? Try changing the 'lib' compiler option to 'es2021' or later.
tsc,215,src/components/OutcomePanel.tsx,76,TS17004,Cannot use JSX unless the '--jsx' flag is provided.
tsc,215,src/components/OutcomePanel.tsx,78,TS17004,Cannot use JSX unless the '--jsx' flag is provided.
tsc,215,src/components/OutcomePanel.tsx,96,TS17004,Cannot use JSX unless the '--jsx' flag is provided.
tsc,215,src/components/OutcomePanel.tsx,105,TS17004,Cannot use JSX unless the '--jsx' flag is provided.
tsc,215,src/components/PageReference.tsx,15,TS17004,Cannot use JSX unless the '--jsx' flag is provided.
tsc,215,src/components/PageReference.tsx,16,TS17004,Cannot use JSX unless the '--jsx' flag is provided.
tsc,215,src/components/PageReference.tsx,19,TS17004,Cannot use JSX unless the '--jsx' flag is provided.
tsc,215,src/components/PageReference.tsx,21,TS17004,Cannot use JSX unless the '--jsx' flag is provided.
tsc,215,src/components/PageReference.tsx,25,TS17004,Cannot use JSX unless the '--jsx' flag is provided.
tsc,215,src/components/PageReference.tsx,28,TS17004,Cannot use JSX unless the '--jsx' flag is provided.
tsc,215,src/components/PageReference.tsx,29,TS17004,Cannot use JSX unless the '--jsx' flag is provided.
tsc,215,src/components/PageReference.tsx,32,TS17004,Cannot use JSX unless the '--jsx' flag is provided.
tsc,215,src/components/PageReference.tsx,37,TS17004,Cannot use JSX unless the '--jsx' flag is provided.
tsc,215,src/components/StateGraph.tsx,26,TS17004,Cannot use JSX unless the '--jsx' flag is provided.
tsc,215,src/components/StateGraph.tsx,34,TS17004,Cannot use JSX unless the '--jsx' flag is provided.
tsc,215,src/components/StateGraph.tsx,35,TS17004,Cannot use JSX unless the '--jsx' flag is provided.
tsc,215,src/components/StateGraph.tsx,36,TS17004,Cannot use JSX unless the '--jsx' flag is provided.
tsc,215,src/components/StateGraph.tsx,37,TS17004,Cannot use JSX unless the '--jsx' flag is provided.
tsc,215,src/components/StateGraph.tsx,38,TS17004,Cannot use JSX unless the '--jsx' flag is provided.
tsc,215,src/components/StateGraph.tsx,39,TS17004,Cannot use JSX unless the '--jsx' flag is provided.
tsc,215,src/components/StateGraph.tsx,40,TS17004,Cannot use JSX unless the '--jsx' flag is provided.
tsc,215,src/components/StateGraph.tsx,42,TS17004,Cannot use JSX unless the '--jsx' flag is provided.
tsc,215,src/components/StateGraph.tsx,43,TS17004,Cannot use JSX unless the '--jsx' flag is provided.
tsc,215,src/components/StateGraph.tsx,44,TS17004,Cannot use JSX unless the '--jsx' flag is provided.
tsc,215,src/components/StateGraph.tsx,45,TS17004,Cannot use JSX unless the '--jsx' flag is provided.
tsc,215,src/components/StateGraph.tsx,177,TS17004,Cannot use JSX unless the '--jsx' flag is provided.
tsc,215,src/components/StateGraph.tsx,178,TS17004,Cannot use JSX unless the '--jsx' flag is provided.
tsc,215,src/components/StateGraph.tsx,179,TS17004,Cannot use JSX unless the '--jsx' flag is provided.
tsc,215,src/components/StateGraph.tsx,182,TS17004,Cannot use JSX unless the '--jsx' flag is provided.
tsc,215,src/components/StateGraph.tsx,186,TS17004,Cannot use JSX unless the '--jsx' flag is provided.
tsc,215,src/components/StateGraph.tsx,187,TS17004,Cannot use JSX unless the '--jsx' flag is provided.
tsc,215,src/components/StateGraph.tsx,188,TS17004,Cannot use JSX unless the '--jsx' flag is provided.
tsc,215,src/components/StateGraph.tsx,190,TS17004,Cannot use JSX unless the '--jsx' flag is provided.
tsc,215,src/components/StateGraph.tsx,191,TS17004,Cannot use JSX unless the '--jsx' flag is provided.
tsc,215,src/components/StatsSummary.tsx,19,TS17004,Cannot use JSX unless the '--jsx' flag is provided.
tsc,215,src/components/StatsSummary.tsx,20,TS17004,Cannot use JSX unless the '--jsx' flag is provided.
tsc,215,src/components/StatsSummary.tsx,23,TS17004,Cannot use JSX unless the '--jsx' flag is provided.
tsc,215,src/components/StatsSummary.tsx,26,TS17004,Cannot use JSX unless the '--jsx' flag is provided.
tsc,215,src/components/StatsSummary.tsx,27,TS17004,Cannot use JSX unless the '--jsx' flag is provided.
tsc,215,src/components/StatsSummary.tsx,46,TS17004,Cannot use JSX unless the '--jsx' flag is provided.
tsc,215,src/components/StatsSummary.tsx,47,TS17004,Cannot use JSX unless the '--jsx' flag is provided.
tsc,215,src/components/StatsSummary.tsx,50,TS17004,Cannot use JSX unless the '--jsx' flag is provided.
tsc,215,src/components/StatsSummary.tsx,51,TS17004,Cannot use JSX unless the '--jsx' flag is provided.
tsc,215,src/components/StatsSummary.tsx,52,TS17004,Cannot use JSX unless the '--jsx' flag is provided.
tsc,215,src/components/StatsSummary.tsx,53,TS17004,Cannot use JSX unless the '--jsx' flag is provided.
tsc,215,src/components/StatsSummary.tsx,54,TS17004,Cannot use JSX unless the '--jsx' flag is provided.
tsc,215,src/components/StatsSummary.tsx,56,TS17004,Cannot use JSX unless the '--jsx' flag is provided.
tsc,215,src/components/StatsSummary.tsx,57,TS17004,Cannot use JSX unless the '--jsx' flag is provided.
tsc,215,src/components/StatsSummary.tsx,58,TS17004,Cannot use JSX unless the '--jsx' flag is provided.
tsc,215,src/components/StatsSummary.tsx,59,TS17004,Cannot use JSX unless the '--jsx' flag is provided.
tsc,215,src/components/StatsSummary.tsx,60,TS17004,Cannot use JSX unless the '--jsx' flag is provided.
tsc,215,src/components/StatsSummary.tsx,61,TS17004,Cannot use JSX unless the '--jsx' flag is provided.
tsc,215,src/components/StatsSummary.tsx,63,TS17004,Cannot use JSX unless the '--jsx' flag is provided.
tsc,215,src/components/StatsSummary.tsx,64,TS17004,Cannot use JSX unless the '--jsx' flag is provided.
tsc,215,src/components/StatsSummary.tsx,65,TS17004,Cannot use JSX unless the '--jsx' flag is provided.
tsc,215,src/components/StatsSummary.tsx,68,TS17004,Cannot use JSX unless the '--jsx' flag is provided.
tsc,215,src/components/StatsSummary.tsx,69,TS17004,Cannot use JSX unless the '--jsx' flag is provided.
tsc,215,src/components/StatsSummary.tsx,70,TS17004,Cannot use JSX unless the '--jsx' flag is provided.
tsc,215,src/components/StepTimeline.tsx,2,TS6142,"Module './StepTimelineNode' was resolved to '/Users/eiteldagnin/Code/ui-framework/report-ui/src/components/StepTimelineNode.tsx', but '--jsx' is not set."
tsc,215,src/components/StepTimeline.tsx,11,TS17004,Cannot use JSX unless the '--jsx' flag is provided.
tsc,215,src/components/StepTimeline.tsx,18,TS17004,Cannot use JSX unless the '--jsx' flag is provided.
tsc,215,src/components/StepTimeline.tsx,22,TS17004,Cannot use JSX unless the '--jsx' flag is provided.
tsc,215,src/components/StepTimeline.tsx,30,TS17004,Cannot use JSX unless the '--jsx' flag is provided.
tsc,215,src/components/StepTimeline.tsx,39,TS17004,Cannot use JSX unless the '--jsx' flag is provided.
tsc,215,src/components/StepTimeline.tsx,41,TS17004,Cannot use JSX unless the '--jsx' flag is provided.
tsc,215,src/components/StepTimeline.tsx,43,TS17004,Cannot use JSX unless the '--jsx' flag is provided.
tsc,215,src/components/StepTimeline.tsx,45,TS17004,Cannot use JSX unless the '--jsx' flag is provided.
tsc,215,src/components/StepTimeline.tsx,46,TS17004,Cannot use JSX unless the '--jsx' flag is provided.
tsc,215,src/components/StepTimeline.tsx,48,TS17004,Cannot use JSX unless the '--jsx' flag is provided.
tsc,215,src/components/StepTimeline.tsx,49,TS17004,Cannot use JSX unless the '--jsx' flag is provided.
tsc,215,src/components/StepTimeline.tsx,52,TS17004,Cannot use JSX unless the '--jsx' flag is provided.
tsc,215,src/components/StepTimeline.tsx,55,TS17004,Cannot use JSX unless the '--jsx' flag is provided.
tsc,215,src/components/StepTimeline.tsx,62,TS17004,Cannot use JSX unless the '--jsx' flag is provided.
tsc,215,src/components/StepTimelineNode.tsx,13,TS17004,Cannot use JSX unless the '--jsx' flag is provided.
tsc,215,src/components/StepTimelineNode.tsx,20,TS17004,Cannot use JSX unless the '--jsx' flag is provided.
tsc,215,src/components/StepTimelineNode.tsx,24,TS17004,Cannot use JSX unless the '--jsx' flag is provided.
tsc,215,src/components/StepTimelineNode.tsx,40,TS17004,Cannot use JSX unless the '--jsx' flag is provided.
tsc,215,src/components/StepTimelineNode.tsx,42,TS17004,Cannot use JSX unless the '--jsx' flag is provided.
tsc,215,src/components/StepTimelineNode.tsx,45,TS17004,Cannot use JSX unless the '--jsx' flag is provided.
tsc,215,src/components/StepTimelineNode.tsx,46,TS17004,Cannot use JSX unless the '--jsx' flag is provided.
tsc,215,src/components/StepTimelineNode.tsx,49,TS17004,Cannot use JSX unless the '--jsx' flag is provided.
tsc,215,src/components/StepTimelineNode.tsx,50,TS17004,Cannot use JSX unless the '--jsx' flag is provided.
tsc,215,src/components/StepTimelineNode.tsx,51,TS17004,Cannot use JSX unless the '--jsx' flag is provided.
tsc,215,src/components/StepTimelineNode.tsx,54,TS17004,Cannot use JSX unless the '--jsx' flag is provided.
tsc,215,src/components/StepTimelineNode.tsx,57,TS2550,Property 'replaceAll' does not exist on type 'string'. Do you need to change your target library? Try changing the 'lib' compiler option to 'es2021' or later.
tsc,215,src/components/StepTimelineNode.tsx,61,TS17004,Cannot use JSX unless the '--jsx' flag is provided.
tsc,215,src/components/StepTimelineNode.tsx,62,TS17004,Cannot use JSX unless the '--jsx' flag is provided.
tsc,215,src/components/StepTimelineNode.tsx,63,TS17004,Cannot use JSX unless the '--jsx' flag is provided.
tsc,215,src/components/StepTimelineNode.tsx,65,TS17004,Cannot use JSX unless the '--jsx' flag is provided.
tsc,215,src/components/StepTimelineNode.tsx,66,TS17004,Cannot use JSX unless the '--jsx' flag is provided.
tsc,215,src/components/StepTimelineNode.tsx,69,TS17004,Cannot use JSX unless the '--jsx' flag is provided.
tsc,215,src/components/StepTimelineNode.tsx,74,TS17004,Cannot use JSX unless the '--jsx' flag is provided.
tsc,215,src/components/StepTimelineNode.tsx,80,TS17004,Cannot use JSX unless the '--jsx' flag is provided.
tsc,215,src/components/StepTimelineNode.tsx,82,TS17004,Cannot use JSX unless the '--jsx' flag is provided.
tsc,215,src/components/StepTimelineNode.tsx,82,TS17004,Cannot use JSX unless the '--jsx' flag is provided.
tsc,215,src/components/StepTimelineNode.tsx,85,TS17004,Cannot use JSX unless the '--jsx' flag is provided.
tsc,215,src/components/StepTimelineNode.tsx,85,TS17004,Cannot use JSX unless the '--jsx' flag is provided.
tsc,215,src/components/StepTimelineNode.tsx,88,TS17004,Cannot use JSX unless the '--jsx' flag is provided.
tsc,215,src/components/StepTimelineNode.tsx,96,TS17004,Cannot use JSX unless the '--jsx' flag is provided.
tsc,215,src/components/StepTimelineNode.tsx,108,TS17004,Cannot use JSX unless the '--jsx' flag is provided.
tsc,215,src/components/StepTimelineNode.tsx,109,TS17004,Cannot use JSX unless the '--jsx' flag is provided.
tsc,215,src/main.tsx,4,TS5097,An import path can only end with a '.tsx' extension when 'allowImportingTsExtensions' is enabled.
tsc,215,src/main.tsx,4,TS6142,"Module './App.tsx' was resolved to '/Users/eiteldagnin/Code/ui-framework/report-ui/src/App.tsx', but '--jsx' is not set."
tsc,215,src/main.tsx,7,TS17004,Cannot use JSX unless the '--jsx' flag is provided.
tsc,215,src/main.tsx,8,TS17004,Cannot use JSX unless the '--jsx' flag is provided.
tsc,215,vite.config.ts,2,TS2307,Cannot find module '@vitejs/plugin-react' or its corresponding type declarations.
tsc,215,vite.config.ts,3,TS2307,Cannot find module '@tailwindcss/vite' or its corresponding type declarations.
hadolint,0,,,,
taplo,0,,,,
pydoclint,0,,,,
cargo_audit,0,,,,
